wordcn,hotcn
人民至上，生命至上,698
逆行者,756
后浪,365
飒,560
神兽,652
直播带货,541
双循环,864
打工人,11
内卷,312
凡尔赛文学,23
逆行者,744
秋天的第一杯奶茶,595
带货,292
云监工,125
光盘行动,212
奥利给,375
好家伙,217
夺冠,676
不约而同,928
集美,662
脱贫攻坚,623
口罩,892
抗疫,958
逆行者,170
健康码,758
群体免疫,247
熔断,287
美国大选,605
科比,933
新冠疫情,451
996,1000
打工人,999
上班996，下班ICU,915
中美贸易战,831
 鸡你太美,444
热词,797
盘它,202
硬核,862
谈恋爱吗?坐牢的那种,668
锦鲤,768
杠精,487
我来给你劈个叉吧,616
你是什么垃圾,586
 我太难了,443
上头,545
柠檬精,291
咱也不知道，咱也不敢问,335
朋友圈坐标,315
向日葵族,321
智力估清,122
我佛了,766
垃圾分类,420
网络搬家,214
拖拉机式努力,528
生活支线玩家,326
莽夫胜利法,280
携号转网,540
996.ICU,382
文化拜年,314
5G新媒体,364
低级红,238
高级黑,401
健商,345
云团圆,568
候补购票,501
娘刚之气,365
下沉人群,351
老脸一红,272
排遣式进食,214
炸群,231
